id,name,ph,area,age,gender
1,John Doe,123-456-7890,New York,25,Male
2,Jane Smith,234-567-8901,Los Angeles,30,Female
3,Michael Johnson,345-678-9012,Chicago,22,Male
4,Emily Davis,456-789-0123,Houston,28,Female
5,James Brown,567-890-1234,Phoenix,35,Male
6,Patricia Wilson,678-901-2345,Philadelphia,40,Female
7,Robert Miller,789-012-3456,San Antonio,29,Male
8,Linda Taylor,890-123-4567,San Diego,31,Female
9,William Anderson,901-234-5678,Dallas,27,Male
10,Elizabeth Thomas,012-345-6789,San Jose,33,Female
11,David Jackson,123-456-7891,Austin,24,Male
12,Susan White,234-567-8902,Jacksonville,36,Female
13,Joseph Harris,345-678-9013,San Francisco,38,Male
14,Jessica Martin,456-789-0124,Columbus,26,Female
15,Charles Thompson,567-890-1235,Fort Worth,32,Male
16,Sarah Garcia,678-901-2346,Indianapolis,29,Female
17,Thomas Martinez,789-012-3457,Charlotte,34,Male
18,Rebecca Robinson,890-123-4568,Seattle,27,Female
19,Daniel Clark,901-234-5679,Denver,30,Male
20,Laura Rodriguez,012-345-6780,Washington,28,Female
21,Matthew Lewis,123-456-7892,Boston,31,Male
22,Angela Lee,234-567-8903,El Paso,25,Female
23,Joshua Walker,345-678-9014,Nashville,29,Male
24,Kimberly Hall,456-789-0125,Detroit,33,Female
25,Andrew Allen,567-890-1236,Memphis,36,Male
26,Michelle Young,678-901-2347,Baltimore,22,Female
27,Christopher Hernandez,789-012-3458,Milwaukee,38,Male
28,Jessica King,890-123-4569,Albuquerque,27,Female
29,Kevin Wright,901-234-5670,Tucson,30,Male
30,Stephanie Scott,012-345-6781,Fresno,34,Female
31,Jason Green,123-456-7893,Sacramento,29,Male
32,Laura Adams,234-567-8904,Kansas City,31,Female
33,Eric Nelson,345-678-9015,Long Beach,25,Male
34,Rebecca Carter,456-789-0126,Virginia Beach,36,Female
35,Justin Mitchell,567-890-1237,Atlanta,28,Male
36,Kimberly Perez,678-901-2348,Omaha,33,Female
37,Charles Roberts,789-012-3459,Raleigh,29,Male
38,Patricia Turner,890-123-4570,Miami,30,Female
39,Matthew Phillips,901-234-5671,Colorado Springs,34,Male
40,Angela Campbell,012-345-6782,Virginia Beach,27,Female
41,Joshua Parker,123-456-7894,Atlanta,31,Male
42,Emily Evans,234-567-8905,New Orleans,25,Female
43,David Edwards,345-678-9016,Cleveland,36,Male
44,Jessica Collins,456-789-0127,Minneapolis,29,Female
45,James Stewart,567-890-1238,St. Louis,32,Male
46,Laura Sanchez,678-901-2349,Pittsburgh,28,Female
47,Michael Morris,789-012-3460,San Antonio,34,Male
48,Rebecca Rogers,890-123-4571,Portland,27,Female
49,Daniel Reed,901-234-5672,San Diego,30,Male
50,Susan Cook,012-345-6783,San Francisco,33,Female
51,John Bell,123-456-7895,Los Angeles,25,Male
52,Jane Doe,234-567-8906,New York,30,Female
53,Michael White,345-678-9017,Chicago,22,Male
54,Emily Harris,456-789-0128,Houston,28,Female
55,James Lewis,567-890-1239,Phoenix,35,Male
56,Patricia Walker,678-901-2350,Philadelphia,40,Female
57,Robert Hall,789-012-3461,San Antonio,29,Male
58,Linda Young,890-123-4572,San Diego,31,Female
59,William King,901-234-5673,Dallas,27,Male
60,Elizabeth Wright,012-345-6784,San Jose,33,Female
61,David Scott,123-456-7896,Austin,24,Male
62,Susan Green,234-567-8907,Jacksonville,36,Female
63,Joseph Adams,345-678-9018,San Francisco,38,Male
64,Jessica Nelson,456-789-0129,Columbus,26,Female
65,Charles Carter,567-890-1240,Fort Worth,32,Male
66,Sarah Mitchell,678-901-2351,Indianapolis,29,Female
67,Thomas Perez,789-012-3462,Charlotte,34,Male
68,Rebecca Roberts,890-123-4573,Seattle,27,Female
69,Daniel Turner,901-234-5674,Denver,30,Male
70,Laura Phillips,012-345-6785,Washington,28,Female
71,Matthew Campbell,123-456-7897,Boston,31,Male
72,Angela Evans,234-567-8908,El Paso,25,Female
73,Joshua Edwards,345-678-9019,Nashville,29,Male
74,Kimberly Collins,456-789-0130,Detroit,33,Female
75,Andrew Stewart,567-890-1241,Memphis,36,Male
76,Michelle Sanchez,678-901-2352,Baltimore,22,Female
77,Christopher Morris,789-012-3463,Milwaukee,38,Male
78,Jessica Reed,890-123-4574,Albuquerque,27,Female
79,Kevin Cook,901-234-5675,Tucson,30,Male
80,Stephanie Bell,012-345-6786,Fresno,34,Female
81,Jason Rivera,123-456-7898,Sacramento,29,Male
82,Laura Cooper,234-567-8909,Kansas City,31,Female
83,Eric Morgan,345-678-9020,Long Beach,25,Male
84,Rebecca Bailey,456-789-0131,Virginia Beach,36,Female
85,Justin Gonzalez,567-890-1242,Atlanta,28,Male
86,Kimberly Ramirez,678-901-2353,Omaha,33,Female
87,Charles Hughes,789-012-3464,Raleigh,29,Male
88,Patricia Price,890-123-4575,Miami,30,Female
89,Matthew Bennett,901-234-5676,Colorado Springs,34,Male
90,Angela Foster,012-345-6787,Virginia Beach,27,Female
91,Joshua Hughes,123-456-7899,Atlanta,31,Male
92,Emily Simmons,234-567-8910,New Orleans,25,Female
93,David Butler,345-678-9021,Cleveland,36,Male
94,Jessica Rivera,456-789-0132,Minneapolis,29,Female
95,James Murphy,567-890-1243,St. Louis,32,Male
96,Laura Cooper,678-901-2354,Pittsburgh,28,Female
97,Michael Reed,789-012-3465,San Antonio,34,Male
98,Rebecca Cox,890-123-4576,Portland,27,Female
99,Daniel Diaz,901-234-5677,San Diego,30,Male
100,Susan Hayes,012-345-6788,San Francisco,33,Female